Profile	Rawfilename	yyyy-mm-dd hh:mm	Project	Depth [m]	Sampled volume [L]	LPM (1-2 µm) [# l-1]	LPM (2-4 µm) [# l-1]	LPM (4-8 µm) [# l-1]	LPM (8-16 µm) [# l-1]	LPM (16-32 µm) [# l-1]	LPM (32-64 µm) [# l-1]	LPM (64-128 µm) [# l-1]	LPM (128-256 µm) [# l-1]	LPM (256-512 µm) [# l-1]	LPM (0.512-1.02 mm) [# l-1]	LPM (1.02-2.05 mm) [# l-1]	LPM (2.05-4.1 mm) [# l-1]	LPM (4.1-8.19 mm) [# l-1]	LPM (8.19-16.4 mm) [# l-1]	LPM (>16.4 mm) [# l-1]	LPM biovolume (1-2 µm) [mm3 l-1]	LPM biovolume (2-4 µm) [mm3 l-1]	LPM biovolume (4-8 µm) [mm3 l-1]	LPM biovolume (8-16 µm) [mm3 l-1]	LPM biovolume (16-32 µm) [mm3 l-1]	LPM biovolume (32-64 µm) [mm3 l-1]	LPM biovolume (64-128 µm) [mm3 l-1]	LPM biovolume (128-256 µm) [mm3 l-1]	LPM biovolume (256-512 µm) [mm3 l-1]	LPM biovolume (0.512-1.02 mm) [mm3 l-1]	LPM biovolume (1.02-2.05 mm) [mm3 l-1]	LPM biovolume (2.05-4.1 mm) [mm3 l-1]	LPM biovolume (4.1-8.19 mm) [mm3 l-1]	LPM biovolume (8.19-16.4 mm) [mm3 l-1]	LPM biovolume (>16.4 mm) [mm3 l-1]	chloro fluo [mg chl m-3]	conductivity [ms cm-1]	cpar [%]	depth [m]	fcdom [ppb qse]	in situ density anomaly [kg m-3]	nitrate [umol l-1]	oxygen [umol kg-1]	oxygen [ml l-1]	par [umol m-2 s-1]	potential density anomaly [kg m-3]	potential temperature [degc]	practical salinity [psu]	pressure [db]	qc flag	spar [umol m-2 s-1]	temperature [degc]	extrames01	extrames02	extrames03	extrames04	extrames05	extrames06	extrames07	extrames08	extrames09	extrames10	extrames11	extrames12	extrames13	extrames14	extrames15	extrames16	extrames17	extrames18	extrames19	extrames20
ips_007	HDR20180716135401	2018-07-16 13:54:01	uvp5_sn008_ips_amundsen_2018	2.5	263.34	0.0	0.0	0.0	0.0	0.0	0.0	109.22381711855397	13.055365686944636	1.3784461152882206	0.0873395610237715	0.0303789777473988	0.0	0.0	0.0	0.0	0.0	0.0	0.0	0.0	0.0	0.0	0.082163919858151	0.0483117652098999	0.0314784761443932	0.011460119301297	0.0234566629733296	0.0	0.0	0.0	0.0	0.8177646153846153		29.903692307692307	3.5636153846153844						47.20738461538461				3.5999999999999996			-0.7507692307692307			101.44229230769233																	
ips_007	HDR20180716135401	2018-07-16 13:54:01	uvp5_sn008_ips_amundsen_2018	7.5	249.48	0.0	0.0	0.0	0.0	0.0	0.0	60.07295173961841	10.654160654160654	1.7797017797017798	0.3006253006253006	0.0561167227833894	0.0481000481000481	0.0040083373416706	0.012025012025012	0.0	0.0	0.0	0.0	0.0	0.0	0.0	0.045190044832613	0.0429365232312114	0.0433830783194543	0.0438189077338764	0.108190838589327	0.740566580567832	0.207533028692893	6.0219589511246	0.0	0.7731783999999999		16.52144	7.324519999999999						26.081360000000004				7.400000000000001			-0.7746880000000003			101.726424																	
ips_007	HDR20180716135401	2018-07-16 13:54:01	uvp5_sn008_ips_amundsen_2018	12.5	170.28	0.0	0.0	0.0	0.0	0.0	0.0	51.98496593845431	9.14963589382194	2.061310782241015	0.4345783415550857	0.0880902043692741	0.0880902043692741	0.0117453605825698	0.0	0.0	0.0	0.0	0.0	0.0	0.0	0.0	0.0391058350447478	0.036409871693653	0.052400958820933	0.0730659889446702	0.154058515908166	1.14618960407932	0.535247286584448	0.0	0.0	0.8960559999999999		8.304815999999999	12.27656						13.001768				12.4			-0.74848			101.656324																	
ips_007	HDR20180716135401	2018-07-16 13:54:01	uvp5_sn008_ips_amundsen_2018	17.5	218.79	0.0	0.0	0.0	0.0	0.0	0.0	35.36267653914713	8.327620092325976	2.321861145390557	0.6124594359888478	0.1508295625942685	0.0914118561177384	0.0411353352529823	0.0091411856117738	0.0045705928058869	0.0	0.0	0.0	0.0	0.0	0.0	0.0266016716663406	0.0344194315429953	0.0610378922024232	0.0962557621956502	0.266608872647531	1.30403338717063	2.43852673724794	4.49563876708559	20.8327130755834	1.1230776		4.5541	17.22436						7.179267999999999				17.4			-0.8041799999999999			101.093144																	
ips_007	HDR20180716135401	2018-07-16 13:54:01	uvp5_sn008_ips_amundsen_2018	22.5	138.6	0.0	0.0	0.0	0.0	0.0	0.0	10.815295815295816	5.187590187590188	2.2222222222222223	0.468975468975469	0.1226551226551226	0.1154401154401154	0.0505050505050505	0.0072150072150072	0.0	0.0	0.0	0.0	0.0	0.0	0.0	0.0081358363226367	0.0222733984222783	0.057338410399824	0.0711647405874945	0.19315244003889	1.58811430977014	3.73273186175205	2.19683477012449	0.0	1.526424		2.5821960000000006	22.17392						4.024508				22.399999999999995			-1.0802159999999998			100.480624																	
ips_007	HDR20180716135401	2018-07-16 13:54:01	uvp5_sn008_ips_amundsen_2018	27.5	115.83	0.0	0.0	0.0	0.0	0.0	0.0	5.905205905205905	3.755503755503755	1.8561685228351896	0.4748338081671415	0.1036001036001036	0.086333419666753	0.0518000518000518	0.0086333419666753	0.0	0.0	0.0	0.0	0.0	0.0	0.0	0.0044422075472291	0.0165078498781769	0.048003535532221	0.0630282765578225	0.174179369482003	1.45131677598926	4.34024753587743	2.56580504590359	0.0	0.9894951999999998		1.39986	27.1236						2.1898120000000008				27.4			-1.3033439999999998			102.74242																	
ips_007	HDR20180716135401	2018-07-16 13:54:01	uvp5_sn008_ips_amundsen_2018	32.5	140.58	0.0	0.0	0.0	0.0	0.0	0.0	6.046379285815905	4.452980509318537	1.927727984066012	0.5192772798406601	0.0640204865556978	0.0284535495803101	0.014226774790155	0.0071133873950775	0.0	0.0	0.0	0.0	0.0	0.0	0.0	0.0045484056149816	0.019854474769552	0.0557969276393359	0.0757737530927689	0.105217473330655	0.388822788364855	0.767581158292157	3.67029916934654	0.0	0.7844275999999999		0.8526368000000001	32.072280000000006						1.346				32.4			-1.430624			104.089472																	
ips_007	HDR20180716135401	2018-07-16 13:54:01	uvp5_sn008_ips_amundsen_2018	37.5	113.85	0.0	0.0	0.0	0.0	0.0	0.0	7.870004391743523	6.359244620114185	2.345191040843215	0.8080808080808081	0.1141853315766359	0.0263504611330698	0.0	0.0087834870443566	0.0	0.0	0.0	0.0	0.0	0.0	0.0	0.0059202326670623	0.0285861417402173	0.0651841879659525	0.0996366517387297	0.18058664095918	0.171888428030275	0.0	5.22503520220575	0.0	0.7830484		0.5551252	37.021440000000005						0.8763436				37.4			-1.5313679999999994			104.39008																	
ips_007	HDR20180716135401	2018-07-16 13:54:01	uvp5_sn008_ips_amundsen_2018	42.5	95.04	0.0	0.0	0.0	0.0	0.0	0.0	7.154882154882155	7.0286195286195285	3.0197811447811445	0.9048821548821548	0.0526094276094276	0.0	0.0	0.0	0.0	0.0	0.0	0.0	0.0	0.0	0.0	0.0053822799777283	0.032191594962644	0.0830364799915339	0.119807110037249	0.0951208487867956	0.0	0.0	0.0	0.0	0.8069780000000002		0.3689424	41.970560000000006						0.5824276000000002				42.4			-1.5930959999999998			104.563148																	
ips_007	HDR20180716135401	2018-07-16 13:54:01	uvp5_sn008_ips_amundsen_2018	47.5	104.94	0.0	0.0	0.0	0.0	0.0	0.0	9.081379836096817	8.109395845244903	3.0874785591766725	1.400800457404231	0.0857632933104631	0.0	0.0095292548122736	0.0	0.0	0.0	0.0	0.0	0.0	0.0	0.0	0.0068314932103552	0.0364279191203144	0.0786284175470437	0.192601808653722	0.180580923143807	0.0	0.594333972955687	0.0	0.0	0.6628383999999999		0.2488159999999999	46.91924						0.3927904				47.4			-1.583496			104.76156																	
ips_007	HDR20180716135401	2018-07-16 13:54:01	uvp5_sn008_ips_amundsen_2018	52.5	114.84	0.0	0.0	0.0	0.0	0.0	0.0	8.150470219435736	7.50609543712992	2.8561476837338904	1.044932079414838	0.0783699059561128	0.0783699059561128	0.0	0.0	0.0	0.0	0.0	0.0	0.0	0.0	0.0	0.0061312138650957	0.0325369870882377	0.0773920556181935	0.14467668983159	0.207949767825303	1.15930287243506	0.0	0.0	0.0	0.4400204000000001		0.1714907999999999	51.868599999999994						0.2706999999999999				52.4			-1.5360999999999996			105.08204399999995																	
ips_007	HDR20180716135401	2018-07-16 13:54:01	uvp5_sn008_ips_amundsen_2018	57.5	111.87	0.0	0.0	0.0	0.0	0.0	0.0	8.188075444712613	7.07070707070707	3.003486189326898	1.2156967909180298	0.080450522928399	0.0178778939840886	0.0	0.0	0.0	0.0	0.0	0.0	0.0	0.0	0.0	0.00615950250028	0.0311706988013401	0.0829564884786072	0.177908356847678	0.143901658858659	0.12198701793681	0.0	0.0	0.0	0.3107216		0.122512	56.8166						0.1933247999999999				57.4			-1.491124			105.51999200000002																	
ips_007	HDR20180716135401	2018-07-16 13:54:01	uvp5_sn008_ips_amundsen_2018	62.5	106.92	0.0	0.0	0.0	0.0	0.0	0.0	9.16573138795361	7.547699214365881	3.3015338570894124	1.2439206883651328	0.1309390198279087	0.0187055742611298	0.0	0.0	0.0	0.0	0.0	0.0	0.0	0.0	0.0	0.0068949468995735	0.0340360831786459	0.0889256925390959	0.197526759329725	0.203646949603374	0.155958342550942	0.0	0.0	0.0	0.3419435999999999		0.08932632	61.765440000000005						0.1410132				62.39999999999999			-1.4623320000000002			105.66018400000002																	
ips_007	HDR20180716135401	2018-07-16 13:54:01	uvp5_sn008_ips_amundsen_2018	67.5	113.85	0.0	0.0	0.0	0.0	0.0	0.0	8.634167764602548	6.447079490557751	2.5911286780852	0.9749670619235836	0.0702678963548528	0.0175669740887132	0.0087834870443566	0.0	0.0	0.0	0.0	0.0	0.0	0.0	0.0	0.0064950766871901	0.0283067880884548	0.0720680193336412	0.146569412234204	0.115954487184554	0.305143192767885	0.37206360244841	0.0	0.0	0.3851744000000001		0.06500264	66.71308						0.1026154799999999				67.4			-1.489316			105.4955																	
ips_007	HDR20180716135401	2018-07-16 13:54:01	uvp5_sn008_ips_amundsen_2018	72.5	117.81	0.0	0.0	0.0	0.0	0.0	0.0	10.126474832357186	7.749766573295985	2.5379848909260674	1.0780069603599016	0.0509294626941685	0.0084882437823614	0.0	0.0	0.0	0.0	0.0	0.0	0.0	0.0	0.0	0.0076176688246325	0.0351828741837954	0.0665001156939046	0.168342864916325	0.0403414775160858	0.0525719037448178	0.0	0.0	0.0	0.3820476		0.04714288	71.66148000000001						0.0744214				72.4			-1.480408			105.444252																	
ips_007	HDR20180716135401	2018-07-16 13:54:01	uvp5_sn008_ips_amundsen_2018	77.5	114.84	0.0	0.0	0.0	0.0	0.0	0.0	10.466736328805291	7.906652734238941	3.108672936259143	0.9578544061302682	0.0174155346569139	0.0	0.0	0.0	0.0	0.0	0.0	0.0	0.0	0.0	0.0	0.0078736314806037	0.0368774819481708	0.0834920478830141	0.13619258919385	0.0149418060920331	0.0	0.0	0.0	0.0	0.30182		0.0342118	76.60988000000002						0.0540144				77.4			-1.4879640000000005			105.553212																	
ips_007	HDR20180716135401	2018-07-16 13:54:01	uvp5_sn008_ips_amundsen_2018	82.5	110.88	0.0	0.0	0.0	0.0	0.0	0.0	9.830447330447331	7.828282828282829	2.7507215007215007	0.955988455988456	0.027056277056277	0.027056277056277	0.0	0.0	0.0	0.0	0.0	0.0	0.0	0.0	0.0	0.0073949813139376	0.0343101823584596	0.0780553609829588	0.133549478487181	0.0199712022082765	0.280010238450979	0.0	0.0	0.0	0.2445719999999999		0.0255734399999999	81.55792						0.0396099999999999				82.4			-1.4878280000000002			105.75025600000002																	
ips_007	HDR20180716135401	2018-07-16 13:54:01	uvp5_sn008_ips_amundsen_2018	87.5	76.23	0.0	0.0	0.0	0.0	0.0	0.0	9.891118982028072	8.172635445362717	3.2401941492850583	0.800209891118982	0.052472779745507	0.0	0.0	0.0	0.0	0.0	0.0	0.0	0.0	0.0	0.0	0.0074406217323889	0.0371340521925141	0.0887139280091523	0.113815587991381	0.0437083717735795	0.0	0.0	0.0	0.0	0.2052051999999999		0.01874772	86.50608						0.0293644799999999				87.40000000000002			-1.413084			105.913888																	
ips_007	HDR20180716135401	2018-07-16 13:54:01	uvp5_sn008_ips_amundsen_2018	92.5	112.86	0.0	0.0	0.0	0.0	0.0	0.0	7.912457912457913	6.034024455077087	2.0556441609073186	0.9746588693957116	0.0620237462342725	0.0	0.0088605351763246	0.0	0.0	0.0	0.0	0.0	0.0	0.0	0.0	0.0059521684459583	0.0273714962972138	0.0558188353489472	0.162109751814845	0.0883041588548236	0.0	0.416132451788051	0.0	0.0	0.1464028		0.0139155599999999	91.4534						0.02207436				92.4			-1.2543720000000005			106.06370000000004																	
ips_007	HDR20180716135401	2018-07-16 13:54:01	uvp5_sn008_ips_amundsen_2018	97.5	107.91	0.0	0.0	0.0	0.0	0.0	0.0	8.043740153831898	5.578723009915671	1.9182652210175144	0.6857566490594014	0.0556018904642757	0.0	0.0	0.0	0.0	0.0	0.0	0.0	0.0	0.0	0.0	0.0060509258767423	0.0240663654042149	0.0498562327807056	0.109780755038883	0.0623114240032317	0.0	0.0	0.0	0.0	0.1188603999999999		0.01071948	96.40084						0.01680784				97.4			-1.2623040000000003			106.161876																	
ips_007	HDR20180716135401	2018-07-16 13:54:01	uvp5_sn008_ips_amundsen_2018	102.5	109.89	0.0	0.0	0.0	0.0	0.0	0.0	7.798707798707799	5.023205023205024	1.738101738101738	0.7007007007007007	0.0455000455000455	0.0091000091000091	0.0	0.0	0.0	0.0	0.0	0.0	0.0	0.0	0.0	0.0058665996068847	0.0218963338216285	0.0471360354111065	0.106532626281567	0.0372238489153236	0.0685065321238609	0.0	0.0	0.0	0.10625092		0.00891308	101.34827999999996						0.0127388				102.4			-1.2404160000000002			106.180188																	
ips_007	HDR20180716135401	2018-07-16 13:54:01	uvp5_sn008_ips_amundsen_2018	107.5	85.14	0.0	0.0	0.0	0.0	0.0	0.0	7.740192623913554	4.874324641766502	1.6560958421423535	0.4815597838853653	0.0117453605825698	0.0	0.0	0.0	0.0	0.0	0.0	0.0	0.0	0.0	0.0	0.0058225814040869	0.020440419853142	0.0518575135635248	0.0797093082313295	0.0135226848548749	0.0	0.0	0.0	0.0	0.1235288		0.0062640799999999	106.29572						0.0096716799999999				107.4			-1.32486			106.158216																	
ips_007	HDR20180716135401	2018-07-16 13:54:01	uvp5_sn008_ips_amundsen_2018	112.5	117.81	0.0	0.0	0.0	0.0	0.0	0.0	9.67659791189203	5.500381970970206	2.2408963585434174	0.8233596468890586	0.0679059502588914	0.0084882437823614	0.0	0.0	0.0	0.0	0.0	0.0	0.0	0.0	0.0	0.0072792476614259	0.0240067326593071	0.0612001056268626	0.113995217394297	0.0996420667978969	0.248483744447329	0.0	0.0	0.0	0.1321668		0.00465976	111.24336						0.00740048				112.40000000000002			-1.388644			106.08399599999998																	
ips_007	HDR20180716135401	2018-07-16 13:54:01	uvp5_sn008_ips_amundsen_2018	117.5	117.81	0.0	0.0	0.0	0.0	0.0	0.0	9.472880061115356	5.05050505050505	1.680672268907563	0.6196417961123843	0.05941770647653	0.0254647313470842	0.0	0.0	0.0	0.0	0.0	0.0	0.0	0.0	0.0	0.007126000342238	0.0211989998015853	0.0451520960560119	0.10035473156733	0.0524431252342279	0.207906891953269	0.0	0.0	0.0	0.0907083999999999		0.0035581599999999	116.19064						0.0056874				117.4			-1.402792			106.197164																	
ips_007	HDR20180716135401	2018-07-16 13:54:01	uvp5_sn008_ips_amundsen_2018	122.5	122.76	0.0	0.0	0.0	0.0	0.0	0.0	10.27207559465624	5.775496904529162	1.6291951775822744	0.6190941674812642	0.0244379276637341	0.0407298794395568	0.0325839035516454	0.0	0.0	0.0	0.0	0.0	0.0	0.0	0.0	0.0077271974025602	0.0248880147574819	0.043495638050351	0.0937361935679845	0.0660383511357855	0.315772427700615	2.55447436285342	0.0	0.0	0.08840632		0.0027405599999999	121.13707999999998						0.0043825999999999				122.4			-1.403576			106.24064000000004																	
ips_007	HDR20180716135401	2018-07-16 13:54:01	uvp5_sn008_ips_amundsen_2018	127.5	97.02	0.0	0.0	0.0	0.0	0.0	0.0	9.812409812409811	5.689548546691404	1.6491445062873635	0.7008864151721295	0.0515357658214801	0.010307153164296	0.0	0.0	0.0	0.0	0.0	0.0	0.0	0.0	0.0	0.0073814125408845	0.025322199410485	0.040494908506352	0.114996468080921	0.066979596705407	0.136099442218262	0.0	0.0	0.0	0.0854072		0.0021152	126.08408						0.00337952				127.4			-1.332096			106.263432																	
ips_007	HDR20180716135401	2018-07-16 13:54:01	uvp5_sn008_ips_amundsen_2018	132.5	123.75	0.0	0.0	0.0	0.0	0.0	0.0	11.337373737373737	6.141414141414141	2.060606060606061	0.5818181818181818	0.0969696969696969	0.008080808080808	0.008080808080808	0.0	0.0	0.0	0.0	0.0	0.0	0.0	0.0	0.0085285708898855	0.027505000445159	0.05332565662881	0.0891413054831807	0.110246724465437	0.0783694401567688	0.49659743542015	0.0	0.0	0.0598439599999999		0.00174156	131.03135999999998						0.0025991599999999				132.4			-1.161288			106.2992																	
ips_007	HDR20180716135401	2018-07-16 13:54:01	uvp5_sn008_ips_amundsen_2018	137.5	114.84	0.0	0.0	0.0	0.0	0.0	0.0	16.788575409265064	8.995123650296064	2.3162661093695576	0.54858934169279	0.0174155346569139	0.0348310693138279	0.0087077673284569	0.0	0.0	0.0	0.0	0.0	0.0	0.0	0.0	0.0126292524913511	0.0397603089864961	0.0550426232151831	0.0753286526887667	0.0201748376216246	0.461135613173273	0.317788716926336	0.0	0.0	0.05874936		0.00129704	135.97744						0.00198904				137.4			-1.251564			106.327884																	
ips_007	HDR20180716135401	2018-07-16 13:54:01	uvp5_sn008_ips_amundsen_2018	142.5	115.83	0.0	0.0	0.0	0.0	0.0	0.0	14.158680825347492	7.338340671674005	2.1410688077354743	0.7252007252007252	0.1122334455667789	0.0172666839333506	0.0	0.0	0.0	0.0	0.0	0.0	0.0	0.0	0.0	0.0106509069845845	0.032038783000152	0.0540616288622516	0.131301401033175	0.208730864756949	0.202969411163516	0.0	0.0	0.0	0.05465828		0.00096776	140.92383999999996						0.00152728				142.4			-1.317768			106.33590000000002																	
ips_007	HDR20180716135401	2018-07-16 13:54:01	uvp5_sn008_ips_amundsen_2018	147.5	124.74	0.0	0.0	0.0	0.0	0.0	0.0	12.610229276895945	6.461439794773129	1.8839185505852176	0.6814173480840148	0.024050024050024	0.0	0.0	0.0	0.0	0.0	0.0	0.0	0.0	0.0	0.0	0.0094860800055648	0.0284759333771409	0.0486907865300077	0.10798194293004	0.0161291730453184	0.0	0.0	0.0	0.0	0.05145844		0.00074524	145.87076000000002						0.0011810799999999				147.4			-1.3647240000000005			106.33558000000002																	
ips_007	HDR20180716135401	2018-07-16 13:54:01	uvp5_sn008_ips_amundsen_2018	152.5	85.14	0.0	0.0	0.0	0.0	0.0	0.0	12.661498708010337	6.236786469344609	2.2785999530185577	0.5520319473807845	0.0704721634954193	0.0	0.0	0.0	0.0	0.0	0.0	0.0	0.0	0.0	0.0	0.0095246475775504	0.0260049418119218	0.0601012265710255	0.0743100351364309	0.0824980429614843	0.0	0.0	0.0	0.0	0.06031088		0.00057536	150.81699999999995						0.0009185599999999				152.4			-1.3432520000000003			106.321124																	
ips_007	HDR20180716135401	2018-07-16 13:54:01	uvp5_sn008_ips_amundsen_2018	157.5	124.74	0.0	0.0	0.0	0.0	0.0	0.0	12.097162097162098	6.269039602372936	1.651434984768318	0.617283950617284	0.0400833734167067	0.0	0.0	0.0	0.0	0.0	0.0	0.0	0.0	0.0	0.0	0.0091001237942767	0.0275640950849544	0.0442159607838274	0.102098673363046	0.050050097754557	0.0	0.0	0.0	0.0	0.05402236		0.0004451599999999	155.76291999999998						0.00071168				157.4			-1.3218959999999995			106.338216																	
ips_007	HDR20180716135401	2018-07-16 13:54:01	uvp5_sn008_ips_amundsen_2018	162.5	120.78	0.0	0.0	0.0	0.0	0.0	0.0	11.508527901970524	5.6052326544129825	1.7055803941049843	0.6954793840039741	0.0331180659049511	0.0	0.0	0.0	0.0	0.0	0.0	0.0	0.0	0.0	0.0	0.0086573220856806	0.0235071516424503	0.0443939851840728	0.106886055757234	0.0446345106667885	0.0	0.0	0.0	0.0	0.0520324799999999		0.000345	160.70884						0.00055132				162.4			-1.314596			106.35332800000003																	
ips_007	HDR20180716135401	2018-07-16 13:54:01	uvp5_sn008_ips_amundsen_2018	167.5	114.84	0.0	0.0	0.0	0.0	0.0	0.0	11.25914315569488	5.6078021595262975	1.506443747823058	0.496342737722048	0.0609543712991988	0.0087077673284569	0.0	0.0	0.0	0.0	0.0	0.0	0.0	0.0	0.0	0.008469721717488	0.0240926853650831	0.0418638668306867	0.085335279440532	0.0863157485115351	0.0412018996084041	0.0	0.0	0.0	0.04990028		0.00026552	165.65492000000003						0.00042432				167.4			-1.2665800000000005			106.357684																	
ips_007	HDR20180716135401	2018-07-16 13:54:01	uvp5_sn008_ips_amundsen_2018	172.5	129.69	0.0	0.0	0.0	0.0	0.0	0.0	11.635438352995603	5.597964376590331	1.727195620325391	0.4703523787493253	0.0308427789343819	0.0077106947335954	0.0	0.0	0.0	0.0	0.0	0.0	0.0	0.0	0.0	0.0087527908250295	0.0236744609071486	0.0411711429887605	0.0730595627622355	0.0312393357447675	0.0509116036739167	0.0	0.0	0.0	0.05092724		0.0002031599999999	170.60092						0.0003248				172.4			-1.295008			106.385548																	
ips_007	HDR20180716135401	2018-07-16 13:54:01	uvp5_sn008_ips_amundsen_2018	177.5	123.75	0.0	0.0	0.0	0.0	0.0	0.0	11.717171717171718	5.729292929292929	1.3656565656565656	0.5252525252525253	0.0727272727272727	0.0	0.0	0.0	0.0	0.0	0.0	0.0	0.0	0.0	0.0	0.0088142749752915	0.0248557887959581	0.0337188051919066	0.0897422083984239	0.0698476662148987	0.0	0.0	0.0	0.0	0.0504036		0.0001604	175.54676						0.0002466				177.4			-1.2667119999999998			106.395452																	
ips_007	HDR20180716135401	2018-07-16 13:54:01	uvp5_sn008_ips_amundsen_2018	182.5	125.73	0.0	0.0	0.0	0.0	0.0	0.0	12.670007158196134	5.8299530740475625	1.654338662212678	0.5885627932872027	0.0556748588244651	0.0	0.0	0.0	0.0	0.0	0.0	0.0	0.0	0.0	0.0	0.0095310480828396	0.0254198227853662	0.04221755179898	0.101822488579905	0.0652098409610841	0.0	0.0	0.0	0.0	0.04857012		0.0001313199999999	180.49188						0.00018164				182.4			-1.10586			106.405544																	
ips_007	HDR20180716135401	2018-07-16 13:54:01	uvp5_sn008_ips_amundsen_2018	187.5	125.73	0.0	0.0	0.0	0.0	0.0	0.0	10.864551022031335	5.527718126143323	1.6702457647339537	0.4056311142925316	0.0318142050425514	0.0	0.0	0.0	0.0	0.0	0.0	0.0	0.0	0.0	0.0	0.0081728886887376	0.0235107135869023	0.0413144636965659	0.0639322504188001	0.0264804951886772	0.0	0.0	0.0	0.0	0.04735556		8.640000000000001e-05	185.43780000000004						0.0001307999999999				187.4			-0.9905320000000002			106.42592																	
ips_007	HDR20180716135401	2018-07-16 13:54:01	uvp5_sn008_ips_amundsen_2018	192.5	127.71	0.0	0.0	0.0	0.0	0.0	0.0	10.03836817790306	5.496828752642706	1.4955759141805651	0.3367003367003367	0.0156604807767598	0.0	0.0	0.0	0.0	0.0	0.0	0.0	0.0	0.0	0.0	0.0075513903490535	0.0245661330216825	0.0388051008594429	0.0612424865507473	0.015654192271051	0.0	0.0	0.0	0.0	0.04683312		5.956000000000003e-05	190.38284						9.260000000000004e-05				192.4			-0.8583919999999999			106.43716																	
ips_007	HDR20180716135401	2018-07-16 13:54:01	uvp5_sn008_ips_amundsen_2018	197.5	131.67	0.0	0.0	0.0	0.0	0.0	0.0	11.331358699779754	5.961874382927015	1.572112098427888	0.531632110579479	0.0531632110579479	0.0075947444368497	0.0	0.0	0.0	0.0	0.0	0.0	0.0	0.0	0.0	0.0085240460611453	0.0253241002437501	0.0397482159825843	0.0971317310401819	0.0582428238993182	0.0391767718279717	0.0	0.0	0.0	0.04656128		3.996e-05	195.32831999999996						6.219999999999998e-05				197.4			-0.6961399999999999			106.44468800000004																	
ips_007	HDR20180716135401	2018-07-16 13:54:01	uvp5_sn008_ips_amundsen_2018	202.5	127.71	0.0	0.0	0.0	0.0	0.0	0.0	15.777934382585546	6.068436300994441	1.934069375929841	0.4619841829144155	0.0626419231070394	0.0078302403883799	0.0078302403883799	0.0	0.0	0.0	0.0	0.0	0.0	0.0	0.0	0.0118689949714064	0.0260896505207597	0.0486650643005931	0.0884611342916012	0.103118205751515	0.0506229033366428	0.900130561188324	0.0	0.0	0.04530612		2.452e-05	200.27308						3.752000000000001e-05				202.4			-0.547212			106.442216																	
ips_007	HDR20180716135401	2018-07-16 13:54:01	uvp5_sn008_ips_amundsen_2018	207.5	113.85	0.0	0.0	0.0	0.0	0.0	0.0	15.740008783487044	6.359244620114185	1.6600790513833994	0.4391743522178305	0.0351339481774264	0.0	0.0	0.0	0.0	0.0	0.0	0.0	0.0	0.0	0.0	0.0118404653341248	0.0267594379928742	0.0441563294711803	0.0717047144488756	0.0384250128915338	0.0	0.0	0.0	0.0	0.0464239999999999		1.244e-05	205.2186399999999						1.9199999999999996e-05				207.4			-0.3784400000000001			106.42502800000004																	
ips_007	HDR20180716135401	2018-07-16 13:54:01	uvp5_sn008_ips_amundsen_2018	212.5	160.38	0.0	0.0	0.0	0.0	0.0	0.0	18.1506422247163	6.846240179573513	1.814440703329592	0.4489337822671156	0.1122334455667789	0.062351914203766	0.0	0.0	0.0	0.0	0.0	0.0	0.0	0.0	0.0	0.0136538710371827	0.0289572993890737	0.0467880128735178	0.0647017497956891	0.16436255985993	0.697015554033225	0.0	0.0	0.0	0.04559008		2.36e-06	210.16312000000005						3.639999999999999e-06				212.4			-0.287552			106.443996																	
ips_007	HDR20180716135401	2018-07-16 13:54:01	uvp5_sn008_ips_amundsen_2018	217.5	188.1	0.0	0.0	0.0	0.0	0.0	0.0	20.26581605528974	6.889952153110048	1.7703349282296652	0.3880914407230197	0.0797448165869218	0.0318979266347687	0.0053163211057947	0.0	0.0	0.0	0.0	0.0	0.0	0.0	0.0	0.0152450164273191	0.0273767111769937	0.0476980684762979	0.061948450392969	0.116699168088367	0.397768802966276	0.247095865932964	0.0	0.0	0.0453591199999999		0.0	215.10808						0.0				217.4			-0.15898			106.41571999999998																	
ips_007	HDR20180716135401	2018-07-16 13:54:01	uvp5_sn008_ips_amundsen_2018	222.5	96.03	0.0	0.0	0.0	0.0	0.0	0.0	21.32666874934916	7.383109444965115	2.0410288451525567	0.2603353118817036	0.0520670623763407	0.0208268249505362	0.0	0.0	0.0	0.0	0.0	0.0	0.0	0.0	0.0	0.0160430458135417	0.0280534264695381	0.0545243199671672	0.03431879592598	0.0846712877645726	0.174267799064794	0.0	0.0	0.0	0.04485752		0.0	220.0520400000001						0.0				222.4			-0.070132			106.413244																	
ips_007	HDR20180716135401	2018-07-16 13:54:01	uvp5_sn008_ips_amundsen_2018	227.5	130.68	0.0	0.0	0.0	0.0	0.0	0.0	21.831955922865017	7.797673706764615	1.8595041322314048	0.5509641873278237	0.1300887664524028	0.0688705234159779	0.0076522803795531	0.0	0.0	0.0	0.0	0.0	0.0	0.0	0.0	0.0164231494935389	0.0316853706934298	0.0485209892876722	0.078471774969012	0.272187012185196	0.665558827688154	0.649047331127205	0.0	0.0	0.0459635199999999		0.0	224.99612000000008						0.0				227.4			-0.012672			106.41006000000002																	
ips_007	HDR20180716135401	2018-07-16 13:54:01	uvp5_sn008_ips_amundsen_2018	232.5	117.81	0.0	0.0	0.0	0.0	0.0	0.0	21.02537984890926	7.308377896613191	1.799507681860623	0.5687123334182158	0.0509294626941685	0.0169764875647228	0.0254647313470842	0.0	0.0	0.0	0.0	0.0	0.0	0.0	0.0	0.015816400401186	0.0294445615526892	0.046768523293507	0.0807488893852272	0.0622430975187248	0.201382324646402	1.67367216200527	0.0	0.0	0.04565568		0.0	229.94092						0.0				232.40000000000003			0.084544			106.39989600000004																	
ips_007	HDR20180716135401	2018-07-16 13:54:01	uvp5_sn008_ips_amundsen_2018	237.5	97.02	0.0	0.0	0.0	0.0	0.0	0.0	13.543599257884972	5.514326942898371	1.855287569573284	0.6905792620078335	0.0618429189857761	0.020614306328592	0.0	0.0	0.0	0.0	0.0	0.0	0.0	0.0	0.0	0.0101882101667251	0.0219126680379593	0.0528206564090029	0.119139084544927	0.120654152724617	0.15926857216597	0.0	0.0	0.0	0.04474556		0.0	234.8846						0.0				237.40000000000003			0.330924			106.45236400000002																	
ips_007	HDR20180716135401	2018-07-16 13:54:01	uvp5_sn008_ips_amundsen_2018	242.5	82.17	0.0	0.0	0.0	0.0	0.0	0.0	13.55725934039187	5.999756602166241	1.630765486187173	0.3650967506389193	0.0851892418157478	0.0851892418157478	0.0121698916879639	0.0121698916879639	0.0	0.0	0.0	0.0	0.0	0.0	0.0	0.0101984860017395	0.0255653893783059	0.0478474089828472	0.04921983532628	0.160428488738642	1.01806547383277	0.79288166262342	4.9014148937791	0.0	0.04373164		0.0	239.82951999999997						0.0				242.40000000000003			0.456144			106.480108																	
ips_007	HDR20180716135401	2018-07-16 13:54:01	uvp5_sn008_ips_amundsen_2018	247.5	84.15	0.0	0.0	0.0	0.0	0.0	0.0	22.79263220439691	8.116458704693999	1.913250148544266	0.451574569221628	0.05941770647653	0.047534165181224	0.0	0.0	0.0	0.0	0.0	0.0	0.0	0.0	0.0	0.0171458208951412	0.0309237061062011	0.0507220542936847	0.0633075747075717	0.0833654078329781	0.535931897435353	0.0	0.0	0.0	0.0442345999999999		0.0	244.77272000000005						0.0				247.40000000000003			0.298168			106.43939199999996																	
